{
  "logistic_regression": {
    "accuracy": 0.9555555555555556,
    "precision": 1.0,
    "recall": 0.42857142857142855,
    "f1": 0.6
  },
  "random_forest": {
    "accuracy": 1.0,
    "precision": 1.0,
    "recall": 1.0,
    "f1": 1.0
  },
  "svm_rbf": {
    "accuracy": 0.9777777777777777,
    "precision": 1.0,
    "recall": 0.7142857142857143,
    "f1": 0.8333333333333334
  },
  "xgboost": {
    "accuracy": 1.0,
    "precision": 1.0,
    "recall": 1.0,
    "f1": 1.0
  }
}